ﾌﾟﾁｺﾝ,ﾌﾟﾁｺﾝの「ﾌﾟﾁ」 これって何語？,19,,0,ﾌﾟﾁｺﾝﾉﾌﾟﾁ ｺﾚｯﾃﾅﾆｺﾞ?,19,ﾌﾗﾝｽ語,5,英語,2,ﾀｶﾞﾛｸﾞ語,7,日本語,3
なつかし,薬師丸ひろ子の主演映画,11,「ｾｰﾗｰ服と？？？」,11,ﾔｸｼﾏﾙﾋﾛｺﾉｼｭｴﾝｴｲｶﾞ ｾｰﾗｰﾌｸﾄ?,26,機関銃,3,きかん坊,4,一晩中,3,五里霧中,4
ことわざ,よどみなく、すらすらしゃべるさま,16,「立て板に？？？」,9,ﾖﾄﾞﾐﾅｸｽﾗｽﾗｼｬﾍﾞﾙｻﾏ ﾀﾃｲﾀﾆ?,24,みず,2,ﾐｽ,2,すし,2,ﾍﾟﾝｷ,4
ことわざ,「猫に小判」と同じ意味の諺（ことわざ）は,20,次のうちどれ？,7,ﾈｺﾆｺﾊﾞﾝﾄｵﾅｼﾞｲﾐﾉｺﾄﾜｻﾞﾊ ﾂｷﾞﾉｳﾁﾄﾞﾚ?,32,馬の耳に念仏,6,棚からぼたもち,7,二階から目薬,6,千里の道も一歩から,9
ことわざ,「人間万事、塞翁（さいおう）が？？？」,19,？？？に入るのは？,9,ﾆﾝｹﾞﾝﾊﾞﾝｼﾞｻｲｵｳｶﾞ ﾊﾃﾅﾆﾊｲﾙﾉﾊ?,27,馬,1,牛,1,猫,1,犬,1
一般教養,ｱｲｽｸﾘｰﾑ「ｻﾝﾃﾞｰ」,14,もともとはいつ売っていた？,13,ｱｲｽｸﾘｰﾑｻﾝﾃﾞｰ ﾓﾄﾓﾄﾊｲﾂｳｯﾃｲﾀ?,26,日曜日,3,月曜日,3,土曜日,3,金曜日,3
歴史,第二次世界大戦で上陸作戦の舞台(ぶたい),20,となったﾌﾗﾝｽの地方は？,13,ﾀﾞｲﾆｼﾞｾｶｲﾀｲｾﾝﾃﾞｼﾞｮｳﾘｸｻｸｾﾝﾉﾌﾞﾀｲﾄﾅｯﾀ ﾌﾗﾝｽﾉﾁﾎｳﾊ?_____,50,ﾉﾙﾏﾝﾃﾞｨｰ,8,ｶﾙﾌｫﾙﾆｱ,7,ｼﾞｬﾌﾞﾛｰ,7,ｵﾃﾞｯｻ,5
地理,世界遺産にも指定されている,13,世界最小の国は？,8,ｾｶｲｲｻﾝﾆﾓｼﾃｲｻﾚﾃｲﾙ ｾｶｲｻｲｼｮｳﾉｸﾆﾊ?,30,ﾊﾞﾁｶﾝ市国,7,日本,2,中国,2,ｲﾀﾘｱ,4
ｹﾞｰﾑ,ドラクエ2のｻﾏﾙﾄﾘｱ王子の,15,名前の候補はどれ？,9,ﾄﾞﾗｸｴﾂｰﾉ ｻﾏﾙﾄﾘｱｵｳｼﾞﾉﾅﾏｴﾉｺｳﾎﾊ?,29,ﾄﾝﾇﾗ,4,ｼｹﾞﾁｰ,5,ﾊﾅﾐﾁ,4,ｺﾞｸｳ,4
ｹﾞｰﾑ,「ｲﾝﾄﾞ人を右に」 この有名な誤植が,19,載った雑誌は？,7,ｲﾝﾄﾞｼﾞﾝｦﾐｷﾞﾆ ｺﾉﾕｳﾒｲﾅｺﾞｼｮｸｶﾞﾉｯﾀｻﾞｯｼﾊ?,36,ｹﾞｰﾒｽﾄ,6,Beep,4,ﾛｸﾞｲﾝ,5,ｺﾝﾌﾟﾃｨｰｸ,8
ｹﾞｰﾑ,ｻﾞﾝｷﾞｴﾌのﾀﾞﾌﾞﾙﾗﾘｱｯﾄの出し方は？,24,,0,ｻﾞﾝｷﾞｴﾌﾉﾀﾞﾌﾞﾙﾗﾘｱｯﾄﾉﾀﾞｼｶﾀﾊ?,26,弱中強ﾊﾟﾝﾁ,7,ﾚﾊﾞｰ上,5,強ｷｯｸ,4,ｽﾀｰﾄﾎﾞﾀﾝ,8
ｹﾞｰﾑ,「ｺｲﾝいっこいれる」 このｹﾞｰﾑﾒｰｶｰは？,24,,0,ｺｲﾝｲｯｺｲﾚﾙ ｺﾉｹﾞｰﾑﾒｰｶｰﾊ?,22,ｱﾀﾘ,3,ﾅﾑｺ,3,ｺﾅﾐ,3,ﾆﾁﾌﾞﾂ,5
ｹﾞｰﾑ,ｱﾀﾘの「E.T.」が埋められたとされる砂漠は？,24,,0,ｱﾀﾘﾉｲｰﾃｨｰｶﾞｳﾒﾗﾚﾀﾄｻﾚﾙｻﾊﾞｸﾊ?,26,ｱﾗﾓｺﾞｰﾄﾞ,8,ｱﾗﾓｰﾄﾞ,6,ｺﾞﾋﾞ,4,ｻﾊﾗ,3
地理,「ｻﾊﾗ砂漠」の「ｻﾊﾗ」 これってどんな意味？,24,,0,ｻﾊﾗｻﾊﾞｸﾉｻﾊﾗ ｺﾚｯﾃﾄﾞﾝﾅｲﾐ?,23,砂漠,2,鳥取,2,東京,2,ｼﾞｬﾝｸﾞﾙ,7
ｱﾆﾒ,映画「紅の豚」 主人公が乗っているのは？,20,,0,ｴｲｶﾞｸﾚﾅｲﾉﾌﾞﾀ ｼｭｼﾞﾝｺｳｶﾞﾉｯﾃｲﾙﾉﾊ?,30,飛行艇,3,荷車,2,ﾖｯﾄ,3,ｻｰﾌﾎﾞｰﾄﾞ,8
IT,MS-DOSで採用されていた,14,日本語の文字ｺｰﾄﾞは？,12,ｴﾑｴｽﾄﾞｽﾃﾞｻｲﾖｳｻﾚﾃｲﾀ ﾆﾎﾝｺﾞﾉﾓｼﾞｺｰﾄﾞﾊ?,34,ｼﾌﾄJIS,6,JIS,3,EUC,3,UNICODE,7
IT,EXから発展したUNIXのﾃｷｽﾄｴﾃﾞｨﾀは？,24,,0,ｲｰｴｸｽｶﾗﾊｯﾃﾝｼﾀ ﾕﾆｯｸｽﾉﾃｷｽﾄｴﾃﾞｨﾀﾊ?,31,Vi,2,Emacs,5,VZ,2,秀丸,2
数学,2の10乗を計算すると？,12,,0,ﾆﾉｼﾞｭｰｼﾞｮｰｦｹｲｻﾝｽﾙﾄ?,19,1024,4,512,3,256,3,8,1
ｱﾆﾒ,ｱﾆﾒ「伝説巨人ｲﾃﾞｵﾝ」,14,その無限ｴﾈﾙｷﾞｰをなんという？,17,ｱﾆﾒ ﾃﾞﾝｾﾂｷｮｼﾞﾝｲﾃﾞｵﾝ ｿﾉﾑｹﾞﾝｴﾈﾙｷﾞｰｦﾅﾝﾄｲｳ?,39,ｲﾃﾞ,3,ﾋﾃﾞ,3,ﾇﾃﾞ,3,ﾄﾃﾞ,3
動物,ｺｱﾗが主食とする植物は？,13,,0,ｺｱﾗｶﾞｼｭｼｮｸﾄｽﾙｼｮｸﾌﾞﾂﾊ?,21,ﾕｰｶﾘ,4,ｻｻ,2,ﾋﾟｰﾏﾝ,5,ﾅｯﾂ,3
動物,渡り鳥が旅する時に使っていると,15,いわれているものは？,10,ﾜﾀﾘﾄﾞﾘｶﾞﾀﾋﾞｽﾙﾄｷﾆ ﾂｶｯﾃｲﾙﾄｲﾜﾚﾃｲﾙﾓﾉﾊ?,34,地磁気,3,地図,2,GPS,3,水晶玉,3
ﾌﾟﾁｺﾝ,初代ﾌﾟﾁｺﾝの発売日は3月何日？,17,,0,ｼｮﾀﾞｲﾌﾟﾁｺﾝﾉﾊﾂﾊﾞｲﾋﾞﾊｻﾝｶﾞﾂﾅﾝﾆﾁ?,29,9日,2,1日,2,28日,3,256日,4
IT,大ﾋｯﾄとなったｱｯﾌﾟﾙの音楽ﾌﾟﾚｰﾔｰは？,24,,0,ﾀﾞｲﾋｯﾄﾄﾅｯﾀｱｯﾌﾟﾙﾉｵﾝｶﾞｸﾌﾟﾚｰﾔｰﾊ?,29,iPod,4,iPhone,6,Android,7,Walkman,7
数学,積分記号(せきぶんきごう)のことを何という？,22,,0,ｾｷﾌﾞﾝｷｺﾞｳﾉｺﾄｦﾅﾝﾄｲｳ?,19,ｲﾝﾃｸﾞﾗﾙ,7,ﾀｰﾐﾈｰﾀ,6,ｼﾙﾌｨｰﾄﾞ,7,ｼﾝﾄﾞﾗｰ,6
音楽,作曲家ﾓｰﾂｱﾙﾄの生まれた都市(とし)は？,22,,0,ｻｯｷｮｸｶ ﾓｰﾂｱﾙﾄﾉｳﾏﾚﾀﾄｼﾊ?,22,ｻﾞﾙﾂﾌﾞﾙｸﾞ,9,ｳｲｰﾝ,4,ﾊﾟﾘ,3,ﾁｭｰﾘｯﾋ,6
国語,漢字の「へん」「つくり」,12,これらを何という？,9,ｶﾝｼﾞﾉﾍﾝ ﾂｸﾘ ｺﾚﾗｦﾅﾝﾄｲｳ?,22,部首,2,うかんむり,5,しんにょう,5,ふしゅ〜,4
歴史,奈良時代に建てられた世界最大の大仏殿は？,20,,0,ﾅﾗｼﾞﾀﾞｲﾆﾀﾃﾗﾚﾀ ｾｶｲｻｲﾀﾞｲﾉﾀﾞｲﾌﾞﾂﾃﾞﾝﾊ?,34,東大寺,3,薬師寺,3,東寺,2,法隆寺,3
ｹﾞｰﾑ,ｹﾞｰﾑ「ﾄﾞﾙｱｰｶﾞの塔」,15,その背景となる叙事詩(じょじし)は？,18,ｹﾞｰﾑﾄﾞﾙｱｰｶﾞﾉﾄｳ ｿﾉﾊｲｹｲﾄﾅﾙｼﾞｮｼﾞｼﾊ?,32,ｷﾞﾙｶﾞﾒｯｼｭ,9,ﾗｰﾏｰﾔﾅ,6,ﾍﾞｵｳﾙﾌ,6,ｲﾘｱｽ,4
ﾌﾟﾁｺﾝ,次のうち ﾌﾟﾁｺﾝmk2で追加された命令は？,23,,0,ﾂｷﾞﾉｳﾁ ﾌﾟﾁｺﾝﾏｰｸﾂｰﾃﾞﾂｲｶｻﾚﾀﾒｲﾚｲﾊ?,31,BGFILL,6,GFILL,5,COLINIT,7,BGMPLAY,7
ﾌﾟﾁｺﾝ,ｽﾏﾌﾞ小林社長から送られてくることがある,21,ﾌﾟﾗﾓﾃﾞﾙとは？,10,ｽﾏﾌﾞ ｺﾊﾞﾔｼｼｬﾁｮｳｶﾗｵｸﾗﾚﾃｸﾙｺﾄｶﾞｱﾙﾌﾟﾗﾓﾃﾞﾙﾄﾊ?____,44,ｽﾞｺﾞｯｸ,6,ｷﾞｬﾝ,4,ﾋﾞｸﾞｻﾞﾑ,7,ｱｯｶﾞｲ,5
ﾌﾟﾁｺﾝ,ﾌﾟﾁｺﾝの四人組 ﾊｶｾ ｲﾝﾃﾘ ﾜﾝﾊﾟｸ,24,もう一人は？,6,ﾌﾟﾁｺﾝﾉﾖﾆﾝｸﾞﾐ ﾊｶｾ ｲﾝﾃﾘ ﾜﾝﾊﾟｸ ﾓｳﾋﾄﾘﾊ?,35,神崎(かんざき),8,ﾀﾞﾐｰ,4,ﾌﾟﾛ生ちゃん,7,ｽﾞｺﾞｯｸ,6
ﾌﾟﾁｺﾝ,いまだに説明書に載っていない,14,PRINT命令の省略形は？,13,ｲﾏﾀﾞﾆｾﾂﾒｲｼｮﾆﾉｯﾃｲﾅｲ ﾌﾟﾘﾝﾄﾒｲﾚｲﾉｼｮｳﾘｬｸｹｲﾊ?,39,？,1,＠,1,PRIN,4,ECHO,4
ﾌﾟﾁｺﾝ,GRPを埋めつくすと何ﾊﾞｲﾄになる？,19,,0,ｼﾞｰｱｰﾙﾋﾟｰｦｳﾒﾂｸｽﾄﾅﾝﾊﾞｲﾄﾆﾅﾙ?,26,49152,5,65535,5,68000,5,4989,4
ﾌﾟﾁｺﾝ,ﾌﾟﾁｺﾝ標準のﾄﾞﾛｰ系お絵描きﾂｰﾙは？,22,,0,ﾌﾟﾁｺﾝﾋｮｳｼﾞｭﾝﾉﾄﾞﾛｰｹｲｵｴｶｷﾂｰﾙﾊ?,28,DRWED,5,GRPED,5,SCRED,5,CHRED,5
ﾌﾟﾁｺﾝ,ﾌﾟﾁｺﾝの下画面用ｽﾌﾟﾗｲﾄのﾘｿｰｽ名は？,24,,0,ﾌﾟﾁｺﾝﾉｼﾀｶﾞﾒﾝﾖｳｽﾌﾟﾗｲﾄﾉﾘｿｰｽﾒｲﾊ?,29,SPS,3,SPU,3,BGU,3,GRP,3
ﾌﾟﾁｺﾝ,ﾌﾟﾁｺﾝのｴﾃﾞｨﾀで100文字までいくと,22,どうなる？,5,ﾌﾟﾁｺﾝﾉｴﾃﾞｨﾀﾃﾞ ﾋｬｸﾓｼﾞﾏﾃﾞｲｸﾄﾄﾞｳﾅﾙ?,32,入力できなくなる,8,ﾘｾｯﾄされる,7,警告が出る,5,改行される,5
地理,小笠原諸島はどこの都道府県にある？,17,,0,ｵｶﾞｻﾜﾗｼｮﾄｳﾊﾄﾞｺﾉﾄﾄﾞｳﾌｹﾝﾆｱﾙ?,26,東京都,3,静岡県,3,鹿児島県,4,沖縄県,3
歴史,「天下分け目の戦い」を意味するようになった,21,戦国時代の合戦は？,9,ﾃﾝｶﾜｹﾒﾉﾀﾀｶｲｦｲﾐｽﾙﾖｳﾆﾅｯﾀ ｾﾝｺﾞｸｼﾞﾀﾞｲﾉｶｯｾﾝﾊ?____,44,関が原,3,桶狭間,3,川中島,3,一の谷,3
ｱﾆﾒ,機動戦士ｶﾞﾝﾀﾞﾑで 名前の付いた最も古い,22,ﾓﾋﾞﾙｽｰﾂは？,9,ｷﾄﾞｳｾﾝｼｶﾞﾝﾀﾞﾑﾃﾞ ﾅﾏｴﾉﾂｲﾀ ﾓｯﾄﾓﾌﾙｲﾓﾋﾞﾙｽｰﾂﾊ?____,44,ｻﾞｸ,3,ｶﾞﾝﾀﾞﾑ,6,ｼﾞﾑ,3,ｽﾞｺﾞｯｸ,6
ｱﾆﾒ,銀河鉄道999 主人公は何を求めて,17,旅に出た？,5,ｷﾞﾝｶﾞﾃﾂﾄﾞｳｽﾘｰﾅｲﾝ ｼｭｼﾞﾝｺｳﾊﾅﾆｦﾓﾄﾒﾃﾀﾋﾞﾆﾃﾞﾀ?,40,機械の体,4,鉄の意志,4,母,1,ﾒｰﾃﾙの体,6
ｱﾆﾒ,超時空要塞ﾏｸﾛｽ ﾏｸﾛｽはもともと,19,なんだった？,6,ﾁｮｳｼﾞｸｳﾖｳｻｲﾏｸﾛｽ ﾏｸﾛｽﾊﾓﾄﾓﾄﾅﾝﾀﾞｯﾀ?,32,異星人の船,5,海賊の船,4,探査機,3,冷凍ﾏｸﾞﾛ,6
国語,「すごろく」を漢字で書くと？,14,,0,ｽｺﾞﾛｸｦｶﾝｼﾞﾃﾞｶｸﾄ?,16,双六,2,凄録,2,富士六九,4,夜露死苦,4
ｱﾆﾒ,ｱﾆﾒ「ﾜﾝﾋﾟｰｽ」 主人公が悪魔の実を食べて,24,なったのは？,6,ｱﾆﾒﾜﾝﾋﾟｰｽ ｼｭｼﾞﾝｺｳｶﾞｱｸﾏﾉﾐｦﾀﾍﾞﾃﾅｯﾀﾉﾊ?,35,ｺﾞﾑ人間,5,ﾍﾋﾞ人間,5,ｽｹﾍﾞﾆﾝｹﾞﾝ,9,ﾏﾘﾓｯｺﾘ,6
ｱﾆﾒ,銀河英雄伝説 ﾔﾝ・ｳｪﾝﾘｰの乗艦は？,20,,0,ｷﾞﾝｶﾞｴｲﾕｳﾃﾞﾝｾﾂ ﾔﾝｳｪﾝﾘｰﾉｼﾞｮｳｶﾝﾊ?,31,ﾋｭｰﾍﾞﾘｵﾝ,8,ﾌﾞﾘｭﾝﾋﾙﾄ,8,ﾄﾘｽﾀﾝ,5,ﾊﾞﾙﾊﾞﾛｯｻ,8
地理,北海道は東京都の面積の約何倍？,15,,0,ﾎｯｶｲﾄﾞｳﾊ ﾄｳｷｮｳﾄﾉﾒﾝｾｷﾉ ﾔｸﾅﾝﾊﾞｲ?,30,20倍,3,4倍,2,8倍,2,12倍,3
文学,「ｹﾞｰﾃﾞﾙ・ｴｯｼｬｰ・ﾊﾞｯﾊ」という本を,24,書いたのは誰？,7,ｹﾞｰﾃﾞﾙｴｯｼｬｰﾊﾞｯﾊ ﾄｲｳﾎﾝｦｶｲﾀﾉﾊﾀﾞﾚ?,31,ﾎﾌｽﾀｯﾀｰ,7,ｱｼﾓﾌ,4,ﾊｲﾝﾗｲﾝ,6,ﾗｯｶｰ,4
英語,ひと仕事終えた後の「Well done」,20,どんな意味？,6,ﾋﾄｼｺﾞﾄｵｴﾀｱﾄﾉ ｳｪﾙﾀﾞﾝ ﾄﾞﾝﾅｲﾐ?,27,よくやった,5,よく焼けた,5,ようやくだ,5,もうちょいだ,6
ｹﾞｰﾑ,ﾀﾞﾗｲｱｽのZｿﾞｰﾝのﾎﾞｽ,16,ｸﾞﾚｰﾄｼﾝｸﾞのﾓﾁｰﾌは？,16,ﾀﾞﾗｲｱｽﾉｾﾞｯﾄｿﾞｰﾝﾉﾎﾞｽ ｸﾞﾚｰﾄｼﾝｸﾞﾉﾓﾁｰﾌﾊ?__,38,ｸｼﾞﾗ,4,ｲﾙｶ,3,ｲｶ,2,ﾀﾂﾉｵﾄｼｺﾞ,8
ｹﾞｰﾑ,ｽﾍﾟｰｽﾊﾘｱｰの主人公はどうやって,19,空を飛んでいる？,8,ｽﾍﾟｰｽﾊﾘｱｰﾉｼｭｼﾞﾝｺｳﾊﾄﾞｳﾔｯﾃｿﾗｦﾄﾝﾃﾞｲﾙ?,34,超能力,3,ﾌﾟﾛﾍﾟﾗ,6,羽根,2,ｼﾞｪｯﾄ,5
一般教養,ｵﾘﾝﾋﾟｯｸのｼﾝﾎﾞﾙ 青 黄 緑 赤 と,23,あと何色？,5,ｵﾘﾝﾋﾟｯｸﾉｼﾝﾎﾞﾙ ｱｵ ｷ ﾐﾄﾞﾘ ｱｶ ﾄｱﾄﾅﾆｲﾛ?,35,黒(くろ),5,白(しろ),5,紫(むらさき),7,橙(だいだい),7
文学,ﾛｽﾄｼﾞｪﾈﾚｰｼｮﾝと呼ばれ,16,「誰がために鐘は鳴る」を書いた作家は？,19,ﾛｽﾄｼﾞｪﾈﾚｰｼｮﾝﾄﾖﾊﾞﾚ ﾀﾞｶﾞﾀﾒﾆｶﾈﾊﾅﾙｦｶｲﾀｻｯｶﾊ?,39,ﾍﾐﾝｸﾞｳｪｲ,8,ﾌｫｰｸﾅｰ,6,ｴﾘｵｯﾄ,5,ﾁｬﾝﾄﾞﾗｰ,7
ｽﾎﾟｰﾂ,FIFA最優秀選手賞と統合された,16,ｻｯｶｰの個人賞(こじんしょう)は？,18,ﾌｨﾌｧｻｲﾕｳｼｭｳｾﾝｼｭｼｮｳﾄﾄｳｺﾞｳｻﾚﾀ ｻｯｶｰﾉｺｼﾞﾝｼｮｳﾊ?____,46,ﾊﾞﾛﾝﾄﾞｰﾙ,8,ｵｽｶｰ,4,ｱｶﾃﾞﾐｰ,6,ﾉｰﾍﾞﾙ,5
ｽﾎﾟｰﾂ,ﾃﾆｽの世界四大大会を全て制覇することを,20,何という？,5,ﾃﾆｽﾉｾｶｲﾖﾝﾀﾞｲﾀｲｶｲｦｽﾍﾞﾃｾｲﾊｽﾙｺﾄｦﾅﾝﾄｲｳ?,35,ｸﾞﾗﾝﾄﾞｽﾗﾑ,9,ｻｰﾋﾞｽｴｰｽ,8,ﾌｫｰﾙﾄ,5,ｸﾞﾗﾝﾄﾞｸﾛｽ,9
ｽﾎﾟｰﾂ,ﾒｼﾞｬｰﾘｰｸﾞでも活躍した野茂投手,19,「ﾄﾞｸﾀｰ？？？」と呼ばれた？,16,ﾒｼﾞｬｰﾘｰｸﾞﾃﾞｶﾂﾔｸｼﾀﾉﾓﾄｳｼｭ ﾄﾞｸﾀｰﾅﾆﾄﾖﾊﾞﾚﾀ?,38,K,1,M,1,V,1,S,1
ｽﾎﾟｰﾂ,寸止めの空手に対し 極真のように,16,体に当てる空手を何という？,13,ｽﾝﾄﾞﾒﾉｶﾗﾃﾆﾀｲｼ ｷｮｸｼﾝﾉﾖｳﾆｶﾗﾀﾞﾆｱﾃﾙｶﾗﾃｦﾅﾝﾄｲｳ?____,45,ﾌﾙｺﾝﾀｸﾄ,7,ﾊﾞｰﾘﾄｩｰﾄﾞ,9,ｵｸﾀｺﾞﾝ,6,ﾊﾟﾝｸﾗﾁｵﾝ,8
ｽﾎﾟｰﾂ,ｵﾘﾝﾋﾟｯｸ種目のｸﾚｰ射撃,15,「ｸﾚｰ」とは何の円盤(えんばん)？,18,ｵﾘﾝﾋﾟｯｸｼｭﾓｸﾉｸﾚｰｼｬｹﾞｷ ｸﾚｰﾄﾊﾅﾝﾉｴﾝﾊﾞﾝ?,35,粘土(ねんど),7,鉄(てつ),5,金(きん),5,ｶﾞﾗｽ,4
ｱﾆﾒ,Gｶﾞﾝﾀﾞﾑで主人公ﾄﾞﾓﾝが探していたのは？,24,,0,ｼﾞｰｶﾞﾝﾀﾞﾑﾃﾞｼｭｼﾞﾝｺｳﾄﾞﾓﾝｶﾞｻｶﾞｼﾃｲﾀﾉﾊ?,34,兄,1,ﾀﾞｲﾅﾓﾝﾄﾞ,8,ｺｽﾓｸﾘｰﾅｰ,8,ｸﾜｽﾁｶ,5
地理,ｵｰｽﾄﾗﾘｱの首都(しゅと)は？,17,,0,ｵｰｽﾄﾗﾘｱﾉｼｭﾄﾊ?,13,ｷｬﾝﾍﾞﾗ,6,ｼﾄﾞﾆｰ,5,ﾒﾙﾎﾞﾙﾝ,6,ﾌﾞﾘｽﾍﾞﾝ,7
地理,次のうちｲｷﾞﾘｽに属さないのは？,17,,0,ﾂｷﾞﾉｳﾁ ｲｷﾞﾘｽﾆｿﾞｸｻﾅｲﾉﾊ?,22,ﾏﾝ島,3,北ｱｲﾙﾗﾝﾄﾞ,8,ｽｺｯﾄﾗﾝﾄﾞ,8,ｳｪｰﾙｽﾞ,6
地理,ﾌﾞﾗｼﾞﾙの首都ﾌﾞﾗｼﾞﾘｱ,16,空から見ると何の形をしている？,15,ﾌﾞﾗｼﾞﾙﾉｼｭﾄﾌﾞﾗｼﾞﾘｱ ｿﾗｶﾗﾐﾙﾄﾅﾝﾉｶﾀﾁｦｼﾃｲﾙ?,37,飛行機(ひこうき),9,星(ほし),5,人(ひと),5,薔薇(ばら),6
理科,ｵｰﾛﾗは何が原因で起こる？,14,,0,ｵｰﾛﾗﾊﾅﾆｶﾞｹﾞﾝｲﾝﾃﾞｵｺﾙ?,20,太陽風,3,気まぐれ,4,山火事,3,隕石(いんせき),8
理科,次のうちｱｲﾝｼｭﾀｲﾝが提唱したのはどれ？,22,,0,ﾂｷﾞﾉｳﾁ ｱｲﾝｼｭﾀｲﾝｶﾞﾃｲｼｮｳｼﾀﾉﾊﾄﾞﾚ?,30,相対性理論,5,量子力学,4,不完全性定理,6,運命石,3
理科,二酸化炭素を集まる時に用いる方法はどれ？,20,,0,ﾆｻﾝｶﾀﾝｿｦｱﾂﾒﾙﾄｷﾆﾓﾁｲﾙﾎｳﾎｳﾊﾄﾞﾚ?,28,下方置換,4,上方置換,4,電気分解,6,電車でGO!,6
ｱﾆﾒ,ｼﾞｮｼﾞｮの奇妙な冒険 劇中(げきちゅう),22,のﾎﾟｰｽﾞをまねることを何という？,18,ｼﾞｮｼﾞｮﾉｷﾐｮｳﾅﾎﾞｳｹﾝ ｹﾞｷﾁｭｳﾉﾎﾟｰｽﾞｦﾏﾈﾙｺﾄｦﾅﾝﾄｲｳ?,43,ｼﾞｮｼﾞｮ立ち,8,やれやれだぜ,6,ｵﾗｵﾗ,4,朝立ち,3
動物,ｱﾅｸﾞﾏの狩猟(しゅりょう)のために,19,品種改良された胴の長い小型犬は？,16,ｱﾅｸﾞﾏﾉｼｭﾘｮｳﾉﾀﾒﾆｶｲﾘｮｳｻﾚﾀ ﾄﾞｳﾉﾅｶﾞｲｺｶﾞﾀｹﾝﾊ?,40,ﾀﾞｯｸｽﾌﾝﾄﾞ,9,ﾋﾞｰｸﾞﾙ,6,ﾁﾜﾜ,3,津軽犬,3
動物,航海の守り神として古代ｴｼﾞﾌﾟﾄで,18,飼われていた動物は？,10,ｺｳｶｲﾉﾏﾓﾘｶﾞﾐﾄｼﾃ ｺﾀﾞｲｴｼﾞﾌﾟﾄﾃﾞｶﾜﾚﾃｲﾀﾄﾞｳﾌﾞﾂﾊ?,41,猫,1,犬,1,オウム,3,蛇,1
一般教養,ｽﾊﾟｹﾞﾃｨｰの種類,11,「ﾍﾟﾍﾟﾛﾝﾁｰﾉ」って何の素材のこと？,21,ｽﾊﾟｹﾞﾃｨｰﾉｼｭﾙｲ ﾍﾟﾍﾟﾛﾝﾁｰﾉｯﾃﾅﾝﾉｿｻﾞｲﾉｺﾄ?,36,唐辛子,3,チーズ,3,こしょう,4,ニンニク,4
一般教養,ｲｽﾗﾑのﾓｽｸとは何のための建物？,18,,0,ｲｽﾗﾑﾉﾓｽｸﾄﾊﾅﾝﾉﾀﾒﾉﾀﾃﾓﾉ?,21,礼拝堂,3,図書館,3,宿舎,2,交易所,3
一般教養,世界遺産の首里城(しゅりじょう),16,琉球(りゅうきゅう)語で城(しろ)を何という？,23,ｾｶｲｲｻﾝﾉｼｭﾘｼﾞｮｳ ﾘｭｳｷｭｳｺﾞﾃﾞｼﾛｦﾅﾝﾄｲｳ?,34,ｸﾞｽｸ,4,ｳﾁﾅｰ,4,ﾔｰﾔｼﾁ,5,ｼﾙ,2
歴史,秦(しん)の始皇帝 本来の名前を何という？,21,,0,ｼﾝﾉｼｺｳﾃｲ ﾎﾝﾗｲﾉﾅﾏｴｦﾅﾝﾄｲｳ?,24,政(せい),5,冶(じ),4,学(がく),5,単(たん),5
文学,ﾎﾞｰﾄﾞｹﾞｰﾑ「ｵｾﾛ」の名前の由来となった,24,戯曲を書いた人は？,9,ﾎﾞｰﾄﾞｹﾞｰﾑｵｾﾛﾉﾅﾏｴﾉﾕﾗｲﾄﾅｯﾀｷﾞｷｮｸｦｶｲﾀﾋﾄﾊ?,37,ｼｪｲｸｽﾋﾟｱ,8,ｿﾌｫｸﾚｽ,6,ｳｨﾘｱﾑｽﾞ,7,ﾁｪｰﾎﾌ,5
地理,ﾙｸｾﾝﾌﾞﾙｸ大公国の公用語は,16,ﾌﾗﾝｽ語 ﾄﾞｲﾂ語 あとなに？,17,ﾙｸｾﾝﾌﾞﾙｸﾀｲｺｳｺｸﾉｺｳﾖｳｺﾞﾊ ﾌﾗﾝｽｺﾞ ﾄﾞｲﾂｺﾞ ｱﾄﾅﾆ?__,44,ﾙｸｾﾝﾌﾞﾙｸ語,9,ﾎﾟﾙﾄｶﾞﾙ語,5,ｵﾗﾝﾀﾞ語,6,ｲﾀﾘｱ語,8
地理,ﾍﾞﾙｷﾞｰの首都(しゅと)は？,16,,0,ﾍﾞﾙｷﾞｰﾉｼｭﾄﾊ?,12,ﾌﾞﾘｭｯｾﾙ,7,ｱﾝﾄﾜｰﾌﾟ,7,ｼｬﾙﾙﾛﾜ,6,ﾌﾞﾙｯﾍ,5
地理,ｽﾍﾟｲﾝの首都(しゅと)は？,15,,0,ｽﾍﾟｲﾝﾉｼｭﾄﾊ?,11,ﾏﾄﾞﾘｰﾄﾞ,7,ﾊﾞﾚﾝｼｱ,5,ﾊﾞﾙｾﾛﾅ,6,ｾﾋﾞﾘｱ,5
地理,ｱﾒﾘｶ合衆国の首都(しゅと)は？,17,,0,ｱﾒﾘｶｶﾞｯｼｭｳｺｸﾉｼｭﾄﾊ?,18,ﾜｼﾝﾄﾝD.C.,9,ﾆｭｰﾖｰｸ,6,ﾛｽｱﾝｼﾞｪﾙｽ,9,ｼｶｺﾞ,4
地理,ｲﾝﾄﾞの首都(しゅと)は？,14,,0,ｲﾝﾄﾞﾉｼｭﾄﾊ?,10,ﾆｭｰﾃﾞﾘｰ,7,ﾑﾝﾊﾞｲ,5,ﾊﾞﾝｶﾞﾛｰﾙ,8,ﾁｪﾝﾅｲ,5
地理,ﾄﾞｲﾂ連邦共和国の首都(しゅと)は？,19,,0,ﾄﾞｲﾂﾚﾝﾎﾟｳｷｮｳﾜｺｸﾉｼｭﾄﾊ?,21,ﾍﾞﾙﾘﾝ,5,ﾐｭﾝﾍﾝ,5,ﾎﾟﾂﾀﾞﾑ,6,ﾄﾞﾚｽﾃﾞﾝ,7
地理,ｻｳｼﾞｱﾗﾋﾞｱの首都(しゅと)は？,19,,0,ｻｳｼﾞｱﾗﾋﾞｱﾉｼｭﾄﾊ?,15,ﾘﾔﾄﾞ,4,ｼﾞｯﾀﾞ,5,ﾒｯｶ,3,ｶﾌｼﾞ,4
地理,ﾊﾞﾙﾄ三国といったら ｴｽﾄﾆｱ ﾘﾄｱﾆｱ,23,あとどこ？,5,ﾊﾞﾙﾄｻﾝｺﾞｸﾄｲｯﾀﾗ ｴｽﾄﾆｱ ﾘﾄｱﾆｱ ｱﾄﾄﾞｺ?,33,ﾗﾄﾋﾞｱ,5,ﾎﾟｰﾗﾝﾄﾞ,7,ﾛｼｱ,3,ﾌｨﾝﾗﾝﾄﾞ,7
地理,ﾍﾗｸﾚｽの柱との別名もある,14,地中海の海峡(かいきょう)は？,15,ﾍﾗｸﾚｽﾉﾊｼﾗﾄﾉﾍﾞﾂﾒｲﾓｱﾙﾁｭｳｶｲﾉｶｲｷｮｳﾊ?,32,ｼﾞﾌﾞﾗﾙﾀﾙ,8,ﾄﾞｰﾊﾞｰ,6,ﾀﾞｰﾀﾞﾈﾙｽ,8,ﾎﾞｽﾎﾟﾗｽ,7
一般教養,ｱﾒﾘｶの独立記念日はいつ？,14,,0,ｱﾒﾘｶﾉﾄﾞｸﾘﾂｷﾈﾝﾋﾞﾊｲﾂ?,19,7月4日,4,11月3日,5,12月25日,6,4月1日,4
一般教養,ﾒｰﾄﾙ法を提唱したのはどの国？,16,,0,ﾒｰﾄﾙﾎｳｦﾃｲｼｮｳｼﾀﾉﾊﾄﾞﾉｸﾆ?,22,ﾌﾗﾝｽ,4,ｱﾒﾘｶ,4,ｲｷﾞﾘｽ,5,日本,2
地理,2010年現在 次のうち日本より,16,人口密度が低い国は？,10,ﾆｾﾝｼﾞｭｳﾈﾝｹﾞﾝｻﾞｲ ﾂｷﾞﾉｳﾁﾆﾎﾝﾖﾘｼﾞﾝｺｳﾐﾂﾄﾞｶﾞﾋｸｲｸﾆﾊ?______,51,ﾌｨﾘﾋﾟﾝ,6,韓国(かんこく),8,ｵﾗﾝﾀﾞ,5,ﾚﾊﾞﾉﾝ,5
一般教養,ｸﾞﾚｰﾄｼﾞｬｰﾆｰにおいて 人類は,19,ｱﾌﾘｶからどこまで移動したとされる？,19,ｸﾞﾚｰﾄｼﾞｬｰﾆｰﾆｵｲﾃ ｼﾞﾝﾙｲﾊｱﾌﾘｶｶﾗﾄﾞｺﾏﾃﾞｲﾄﾞｳｼﾀﾄｻﾚﾙ?______,51,南ｱﾒﾘｶ,5,中国,2,ﾛｼｱ,3,北極(ほっきょく),9
ｽﾎﾟｰﾂ,次のうちｻｯｶｰ ﾌﾟﾚﾐｱﾘｰｸﾞのｸﾗﾌﾞ,23,でないのは？,6,ﾂｷﾞﾉｳﾁ ｻｯｶｰﾌﾟﾚﾐｱﾘｰｸﾞﾉｸﾗﾌﾞﾃﾞﾅｲﾉﾊ?,32,ｲﾝﾃﾙ,4,ﾘﾊﾞﾌﾟｰﾙ,7,ﾁｪﾙｼｰ,5,ｱｰｾﾅﾙ,5
一般教養,次のうちｲﾀﾘｱの自動車会社はどれ？,18,,0,ﾂｷﾞﾉｳﾁ ｲﾀﾘｱﾉｼﾞﾄﾞｳｼｬｶﾞｲｼｬﾊﾄﾞﾚ?,29,ﾌｨｱｯﾄ,5,ﾌﾟｼﾞｮｰ,6,BMW,3,ﾙﾉｰ,3
地理,ｵﾗﾝﾀﾞの国土の多くを占める干拓地,18,を何と呼ぶ？,6,ｵﾗﾝﾄﾞﾉｺｸﾄﾞﾉｵｵｸｦｼﾒﾙｶﾝﾀｸﾁｦﾅﾝﾄﾖﾌﾞ?,31,ﾎﾟﾙﾀﾞｰ,6,ﾌｨﾖﾙﾄﾞ,6,ﾘｱｽ式海岸,6,ﾓﾙﾀﾞｰ,5
一般教養,ﾛﾀﾞﾝの有名な彫刻(ちょうこく),17,「？？？の市民」？,9,ﾛﾀﾞﾝﾉﾕｳﾒｲﾅﾁｮｳｺｸ ﾅﾝﾉｼﾐﾝ?,23,ｶﾚｰ,3,ﾀﾞﾌﾞﾘﾝ,6,ﾊﾝﾊﾞｰｸﾞ,7,ｽﾊﾟｹﾞﾃｨ,7
地理,ｻﾝｸﾄﾍﾟﾃﾙﾌﾞﾙｸﾞの以前の名称は？,21,,0,ｻﾝｸﾄﾍﾟﾃﾙﾌﾞﾙｸﾞﾉｲｾﾞﾝﾉﾒｲｼｮｳﾊ?,26,ﾚﾆﾝｸﾞﾗｰﾄﾞ,9,ｺﾞｰﾘｷｨｰ,7,ﾌﾙﾝｾﾞ,7,ｸｲﾋﾞｼｪﾌ,7
一般教養,ｻｹの卵「ｲｸﾗ」 この言葉は何語から,19,とったもの？,6,ｻｹﾉﾀﾏｺﾞｲｸﾗ ｺﾉｺﾄﾊﾞﾊﾅﾆｺﾞｶﾗﾄｯﾀﾓﾉ?,30,ﾛｼｱ語,4,ﾄﾞｲﾂ語,5,ﾌｨﾝﾗﾝﾄﾞ語,8,ｽｳｪｰﾃﾞﾝ語,8
ｹﾞｰﾑ,ｱｲﾚﾑの「10ﾔｰﾄﾞﾌｧｲﾄ」,17,何をﾓﾁｰﾌとしたｹﾞｰﾑ？,14,ｱｲﾚﾑﾉﾃﾝﾔｰﾄﾞﾌｧｲﾄ ﾅﾆｦﾓﾁｰﾌﾄｼﾀｹﾞｰﾑ?,31,ｱﾒﾌﾄ,4,ｻｯｶｰ,4,ﾊﾞﾚｰﾎﾞｰﾙ,8,ｱｲｽﾎｯｹｰ,7
文学,「百年の孤独」でﾗﾃﾝｱﾒﾘｶ文学を,18,世界に知らしめた作家は？,12,ﾋｬｸﾈﾝﾉｺﾄﾞｸﾃﾞ ﾗﾃﾝｱﾒﾘｶﾌﾞﾝｶﾞｸｦｾｶｲﾆｼﾗｼﾒﾀｻｯｶﾊ?_____,46,ｶﾞﾙｼｱﾏﾙｹｽ,9,ﾈﾙｰﾀﾞ,5,ﾛﾙｶ,3,ｽﾀｲﾝﾍﾞｯｸ,8
音楽,ﾍﾞｰﾄｰｳﾞｪﾝの交響曲第3番,16,「英雄」(えいゆう) 誰を讃えたもの？,19,ﾍﾞｰﾄｰｳﾞｪﾝﾉｺｳｷｮｳｷｮｸﾀﾞｲｻﾝﾊﾞﾝｴｲﾕｳ ﾀﾞﾚｦﾀﾀｴﾀﾓﾉ?,42,ﾅﾎﾟﾚｵﾝ,6,ﾗｲﾝﾊﾙﾄ,6,ｶｴｻﾙ,4,ｻｳｻﾞｰ,5
音楽,ｱﾒﾘｶ横断ｳﾙﾄﾗｸｲｽﾞのｵｰﾌﾟﾆﾝｸﾞ,23,曲名は？？？のテーマ？,11,ｱﾒﾘｶｵｳﾀﾞﾝｳﾙﾄﾗｸｲｽﾞﾉｵｰﾌﾟﾆﾝｸﾞ ｷｮｸﾒｲﾊﾅﾝﾉﾃｰﾏ?__,42,ｽﾀｰﾄﾚｯｸ,7,ｻﾝﾀﾞｰﾊﾞｰﾄﾞ,10,ｽﾀｰｳｫｰｽﾞ,8,ｷﾞｬﾗｸﾃｨｶ,8
音楽,映画「炎のﾗﾝﾅｰ」の音楽を担当したのは？,21,,0,ｴｲｶﾞ ﾎﾉｳﾉﾗﾝﾅｰﾉｵﾝｶﾞｸｦﾀﾝﾄｳｼﾀﾉﾊ?,29,ｳﾞｧﾝｹﾞﾘｽ,8,ｺﾞｰﾙﾄﾞｽﾐｽ,10,ﾄﾞﾙﾃﾞｨﾝｶﾞｰ,10,ｴｳﾞｧﾝｹﾞﾘｵﾝ,10
国語,あめのむらくもの剣(つるぎ),14,別名を何という？,8,ｱﾒﾉﾑﾗｸﾓﾉﾂﾙｷﾞ ﾍﾞﾂﾒｲｦﾅﾝﾄｲｳ?,25,ｸｻﾅｷﾞﾉﾂﾙｷﾞ,10,ﾔｻｶﾆﾉﾏｶﾞﾀﾏ,10,ﾔﾀﾉｶｶﾞﾐ,7,ﾑﾗﾏｻ,4
歴史,百年戦争はﾌﾗﾝｽとどの国の間で起こった戦い？,23,,0,ﾋｬｸﾈﾝｾﾝｿｳﾊﾌﾗﾝｽﾄﾄﾞﾉｸﾆﾉｱｲﾀﾞﾆｵｺｯﾀﾀﾀｶｲ?,35,ｲｷﾞﾘｽ,5,ｲﾀﾘｱ,4,ｵﾗﾝﾀﾞ,5,ｽﾍﾟｲﾝ,5
歴史,敵味方の空母が主力として初めて戦った,18,海戦は？,4,ﾃｷﾐｶﾀﾉｸｳﾎﾞｶﾞｼｭﾘｮｸﾄｼﾃﾊｼﾞﾒﾃﾀﾀｶｯﾀｶｲｾﾝﾊ?,36,珊瑚海,3,ﾐｯﾄﾞｳｪｰ,7,真珠湾,3,ﾏﾚｰ沖,4
歴史,米ｿ冷戦の末期 ﾍﾟﾚｽﾄﾛｲｶを推し進めた,22,ｿ連の指導者は？,8,ﾍﾞｲｿﾚｲｾﾝﾉﾏｯｷ ﾍﾟﾚｽﾄﾛｲｶｦｵｼｽｽﾒﾀ ｿﾚﾝﾉｼﾄﾞｳｼｬﾊ?____,45,ｺﾞﾙﾊﾞﾁｮﾌ,8,ﾌﾞﾚｼﾞﾈﾌ,7,ﾌﾙｼﾁｮﾌ,6,ｻﾞﾝｷﾞｴﾌ,7
一般教養,不特定多数の人が突如公共の場に集合し,18,ﾊﾟﾌｫｰﾏﾝｽするのは？,13,ﾌﾄｸﾃｲﾀｽｳﾉﾋﾄｶﾞﾄﾂｼﾞｮｺｳｷｮｳﾉﾊﾞﾆｱﾂﾏﾘ ﾊﾟﾌｫｰﾏﾝｽｽﾙﾉﾊ?______,51,ﾌﾗｯｼｭﾓﾌﾞ,8,ﾃﾞﾓ,3,ｵﾌ会,3,三々五々,4
軍事,「空母」とは何の略称？,11,,0,ｸｳﾎﾞﾄﾊﾅﾝﾉﾘｬｸｼｮｳ?,16,こうくうぼかん,7,せんかん,4,せんすいかん,6,たいむぼかん,6
軍事,9mmﾊﾟﾗﾍﾞﾗﾑ弾 「ﾊﾟﾗﾍﾞﾗﾑ」という,24,言葉に込められた意味は？,12,ｷｭｳﾐﾘﾊﾟﾗﾍﾞﾗﾑﾀﾞﾝ ﾊﾟﾗﾍﾞﾗﾑﾄｲｳｺﾄﾊﾞﾆｺﾒﾗﾚﾀｲﾐﾊ?,40,戦いに備えよ,6,主よどこに行くのか,9,賽は投げられた,7,死ぬことを忘れるな,9
ｹﾞｰﾑ,ﾊﾞｲｵﾊｻﾞｰﾄﾞが最初に発売された,19,ｹﾞｰﾑ機は？,7,ﾊﾞｲｵﾊｻﾞｰﾄﾞｶﾞｻｲｼｮﾆﾊﾂﾊﾞｲｻﾚﾀｹﾞｰﾑｷﾊ?,32,ﾌﾟﾚｲｽﾃｰｼｮﾝ,10,ｾｶﾞｻﾀｰﾝ,7,3DO,3,ｼﾞｬｶﾞｰ,6
ｽﾎﾟｰﾂ,ｽｹｰﾄの荒川静香 話題となったｲﾅﾊﾞｳｱｰは,24,本来どんな技？,7,ｽｹｰﾄﾉｱﾗｶﾜｼｽﾞｶ ﾜﾀﾞｲﾄﾄﾅｯﾀｲﾅﾊﾞｳｱｰﾄﾊﾎﾝﾗｲﾄﾞﾝﾅﾜｻﾞ?,44,横滑り,3,のけぞり,4,ｼﾞｬﾝﾌﾟ,6,寝転ぶ,3
一般教養,お酒の泡盛(あわもり)は次のうちどれと仲間？,22,,0,ｵｻｹﾉｱﾜﾓﾘﾊﾂｷﾞﾉｳﾁﾄﾞﾚﾄﾅｶﾏ?,23,しょうちゅう,6,日本酒,3,どぶろく,4,ワイン,3
ｹﾞｰﾑ,囲碁において 初手を中央に打つことを,18,何という？,5,ｲｺﾞﾆｵｲﾃ ｼｮﾃｦﾁｭｳｵｳﾆｳﾂｺﾄｦﾅﾝﾄｲｳ?,29,天元(てんげん),8,小目(こもく),7,星(ほし),5,シチョウ,4
ことわざ,完璧(かんぺき)の故事 「へき」とは何のこと？,23,,0,ｶﾝﾍﾟｷﾉｺｼﾞ ﾍｷﾄﾊﾅﾝﾉｺﾄ?,20,宝玉(ほうぎょく),9,癖(くせ),5,手柄(てがら),7,ﾇﾘｶﾍﾞ,5
ｹﾞｰﾑ,ｹﾞｰﾑ ﾀﾞﾝｼﾞｮﾝｽﾞ&ﾄﾞﾗｺﾞﾝｽﾞ,23,「ﾀﾞﾝｼﾞｮﾝ」とはどんな意味？,17,ﾀﾞﾝｼﾞｮﾝｽﾞｱﾝﾄﾞﾄﾞﾗｺﾞﾝｽﾞ ﾀﾞﾝｼﾞｮﾝﾄﾊﾄﾞﾝﾅｲﾐ?,38,地下牢(ちかろう),9,迷宮(めいきゅう),9,怪物(かいぶつ),8,会社(かいしゃ),8
音楽,世界一売れたとしてｷﾞﾈｽにも,15,載った ﾏｲｹﾙ・ｼﾞｬｸｿﾝのｱﾙﾊﾞﾑは？,23,ｾｶｲｲﾁｳﾚﾀﾄｼﾃｷﾞﾈｽﾆﾓﾉｯﾀ ﾏｲｹﾙｼﾞｬｸｿﾝﾉｱﾙﾊﾞﾑﾊ?,39,ｽﾘﾗｰ,4,ﾊﾞｯﾄﾞ,5,THIS IS IT,10,ﾋｽﾄﾘｰ,5
ｽﾎﾟｰﾂ,ﾌﾟﾛﾚｽ 2mの大男「ｱﾝﾄﾞﾚ・ｻﾞ・？？」,24,？？？に入るのは？,9,ﾌﾟﾛﾚｽ ﾆﾒｰﾀｰﾉｵｵｵﾄｺｱﾝﾄﾞﾚｻﾞﾊﾃﾅ ﾊﾃﾅﾆﾊｲﾙﾉﾊ?,38,ｼﾞｬｲｱﾝﾄ,7,ﾀｲｶﾞｰ,5,ﾄﾞﾗｺﾞﾝ,6,ﾍﾞｲｽﾀｰ,6
数学,17×53=「90○」 ○に入るのは？,19,,0,ｼﾞｭｳﾅﾅｶｹﾙｺﾞｼﾞｭｳｻﾝﾊｷｭｳﾋｬｸ ﾏﾙﾆﾊｲﾙﾉﾊ?,34,1,1,3,1,5,1,7,1
一般教養,大相撲(おおずもう)で関取(せきとり)が結う,23,まげを何という？,8,ｵｵｽﾞﾓｳﾃﾞｾｷﾄﾘｶﾞﾕｳﾏｹﾞｦﾅﾝﾄｲｳ?,26,おおいちょう,6,まつ,2,すぎ,2,ひのき,3
軍事,「ｵｽﾌﾟﾚｲ」 飛行機の用途としては何？,21,,0,ｵｽﾌﾟﾚｲ ﾋｺｳｷﾉﾖｳﾄﾄｼﾃﾊﾅﾆ?,22,輸送機(ゆそうき),9,戦闘機(せんとうき),10,爆撃機(ばくげきき),10,旅客機(りょかくき),10
IT,「ｺﾋﾟｰﾚﾌﾄ」という概念に基づいた,19,ｵｰﾌﾟﾝｿｰｽのﾗｲｾﾝｽは？,16,ｺﾋﾟｰﾚﾌﾄﾄｲｳｶﾞｲﾈﾝﾆﾓﾄﾂﾞｲﾀ ｵｰﾌﾟﾝｿｰｽﾉﾗｲｾﾝｽﾊ?,39,GPL,3,BSDﾗｲｾﾝｽ,8,ｱﾊﾟｯﾁﾗｲｾﾝｽ,10,CC,2
理科,化学物質の「L-ｱｽｺﾙﾋﾞﾝ酸(さん)」,21,通称は？,4,ｶｶﾞｸﾌﾞｯｼﾂﾉｴﾙｱｽｺﾙﾋﾞﾝｻﾝ ﾂｳｼｮｳﾊ?,29,ﾋﾞﾀﾐﾝC,6,たんぱく質,5,脂肪(しぼう),7,ｶﾙｼｳﾑ,5
数学,二つの数に共通する約数のうち,14,最大のものを何という？,11,ﾌﾀﾂﾉｶｽﾞﾆｷｮｳﾂｳｽﾙﾔｸｽｳﾉｳﾁ ｻｲﾀﾞｲﾉﾓﾉｦﾅﾝﾄｲｳ?,38,最大公約数,5,最小公倍数,5,完全数,3,平方数,3
ｹﾞｰﾑ,「ﾐﾝﾅﾆ ﾅｲｼｮﾀﾞﾖ」,14,このｾﾘﾌが出てくるｹﾞｰﾑは？,16,ﾐﾝﾅﾆﾅｲｼｮﾀﾞﾖ ｺﾉｾﾘﾌｶﾞﾃﾞﾃｸﾙｹﾞｰﾑﾊ?,30,ｾﾞﾙﾀﾞの伝説,8,ﾄﾞﾝｷｰｺﾝｸﾞ,9,ｽｰﾊﾟｰﾏﾘｵ,8,ｶﾗﾃｶ,4
ｹﾞｰﾑ,ｾﾞﾋﾞｳｽでｿﾙを出現させると何点入る？,21,,0,ｾﾞﾋﾞｳｽﾃﾞｿﾙｦｼｭﾂｹﾞﾝｻｾﾙﾄﾅﾝﾃﾝﾊｲﾙ?,29,2000,4,1000,4,800,3,7650,4
一般教養,消費者にとって消費税(しょうひぜい)は,19,直接税と間接税のうちどちら？,14,ｼｮｳﾋｼｬﾆﾄｯﾃｼｮｳﾋｾﾞｲﾊ ﾁｮｸｾﾂｾﾞｲﾄｶﾝｾﾂｾﾞｲﾉｳﾁﾄﾞﾁﾗ?___,46,間接(かんせつ)税,9,直接(ちょくせつ)税,10,両方,2,どちらでもない,7
ｽﾎﾟｰﾂ,ﾓｰﾀｰｽﾎﾟｰﾂの「Formula1」,20,Formulaとは何のこと？,14,ｼﾞﾄﾞｳｼｬｷｮｳｷﾞﾉﾌｫｰﾐｭﾗﾜﾝ ﾌｫｰﾐｭﾗﾄﾊﾅﾝﾉｺﾄ?,36,規定(きてい),7,数式(すうしき),8,速度(そくど),7,世界(せかい),7
ｹﾞｰﾑ,ｹﾞｰﾑ「ｱｳﾄﾗﾝ」のBGM,15,「Passing ？？？」,13,ｹﾞｰﾑｱｳﾄﾗﾝﾉﾋﾞｰｼﾞｰｴﾑ ﾊﾟｯｼﾝｸﾞﾅﾆ?,29,Breeze,6,Breath,6,Bless,5,Wind,4
文学,指輪物語(ゆびわものがたり)で旅の仲間となる,22,魔法使い(まほうつかい)は誰？,15,ﾕﾋﾞﾜﾓﾉｶﾞﾀﾘﾃﾞﾀﾋﾞﾉﾅｶﾏﾄﾅﾙﾏﾎｳﾂｶｲﾊﾀﾞﾚ?,33,ｶﾞﾝﾀﾞﾙﾌ,7,ｻﾙﾏﾝ,4,ｻｳﾛﾝ,4,ｱﾙｺﾞﾗﾝ,6
ｱﾆﾒ,ｱｲｱﾝﾏﾝ、ｽﾊﾟｲﾀﾞｰﾏﾝなどのｺﾐｯｸ,23,を出しているアメリカの出版社は？,16,ｱｲｱﾝﾏﾝ ｽﾊﾟｲﾀﾞｰﾏﾝﾅﾄﾞﾉｺﾐｯｸｦﾀﾞｼﾃｲﾙｱﾒﾘｶﾉｼｭｯﾊﾟﾝｼｬﾊ?__,48,ﾏｰﾍﾞﾙｺﾐｯｸｽ,10,ｶﾌﾟｺﾝ,5,DCｺﾐｯｸ,6,ﾃﾞｨｽﾞﾆｰ,7
数学,ｻｲｺﾛを1個振った時の期待値はいくつ？,20,,0,ｻｲｺﾛｦﾋﾄﾂﾌｯﾀﾄｷﾉｷﾀｲﾁﾊｲｸﾂ?,23,3.5,3,3,1,4,1,6,1
数学,数学のSINを正弦という,12,ではCOSは？,7,ｽｳｶﾞｸﾉｻｲﾝｦｾｲｹﾞﾝﾄｲｳ ﾃﾞﾊｺｰｻｲﾝﾊ?,29,余弦,2,対数,2,虚数,2,剰余,2
数学,数学の虚数単位i,8,iは何の頭文字？,8,ｽｳｶﾞｸﾉｷｮｽｳﾀﾝｲｱｲ ｱｲﾊﾅﾝﾉｶｼﾗﾓｼﾞ?,29,imaginary,9,integral,8,intel,5,ishiteru,8
地理,東ﾛｰﾏ帝国の首都ｺﾝｽﾀﾝﾁﾉｰﾌﾟﾙ,20,現在のどの都市にあたる？,12,ﾋｶﾞｼﾛｰﾏﾃｲｺｸﾉｼｭﾄｺﾝｽﾀﾝﾁﾉｰﾌﾟﾙ ｹﾞﾝｻﾞｲﾉﾄﾞﾉﾄｼﾆｱﾀﾙ?,44,ｲｽﾀﾝﾌﾞｰﾙ,8,ｱﾚｸｻﾝﾄﾞﾘｱ,9,ｶｲﾛ,3,ﾃﾙｱﾋﾞﾌﾞ,7
英語,「esquire」とは中世ではどんな意味の,21,言葉だった？,6,ｴｽｸﾜｲｱﾄﾊ ﾁｭｳｾｲﾃﾞﾊﾄﾞﾝﾅｲﾐﾉｺﾄﾊﾞﾀﾞｯﾀ?,33,見習い騎士,5,牧師,2,農民,2,貴族,2
英語,Windowsで「ﾃﾞﾊﾞｲｽの競合」という時の,24,「競合」を表す英単語は？,12,ｳｨﾝﾄﾞｳｽﾞﾃﾞ ﾃﾞﾊﾞｲｽﾉｷｮｳｺﾞｳﾄｲｳﾄｷﾉｷｮｳｺﾞｳｦｱﾗﾜｽｴｲﾀﾝｺﾞﾊ?,49,conflict,8,process,7,run,3,deamon,6
国語,古事記で天照大神がとじこもったのはどこ？,20,,0,ｺｼﾞｷﾃﾞｱﾏﾃﾗｽｵｵﾐﾉｶﾐｶﾞﾄｼﾞｺﾓｯﾀﾉﾊﾄﾞｺ?,32,天岩戸,3,厠,1,納屋,2,自分の部屋,5
歴史,ｶﾙﾀｺﾞのﾊﾝﾆﾊﾞﾙが軍用動物として,20,使ったのは？,6,ｶﾙﾀｺﾞﾉﾊﾝﾆﾊﾞﾙｶﾞｸﾞﾝﾖｳﾄﾞｳﾌﾞﾂﾄｼﾃﾂｶｯﾀﾉﾊ?,35,ｿﾞｳ,3,ｺﾞﾘﾗ,4,ﾗｲｵﾝ,4,ｶﾊﾞ,3
音楽,「雨上がりの夜空に」などで知られる,17,忌野清志郎がﾎﾞｰｶﾙを務めたﾊﾞﾝﾄﾞは？,22,ｱﾒｱｶﾞﾘﾉﾖｿﾞﾗﾆﾅﾄﾞﾃﾞｼﾗﾚﾙ ｲﾏﾜﾉｷﾖｼﾛｳｶﾞﾎﾞｰｶﾙｦﾂﾄﾒﾀﾊﾞﾝﾄﾞﾊ?,50,RCｻｸｾｼｮﾝ,8,ｻﾞ･ﾀｲﾏｰｽﾞ,9,ﾗﾌｨｰﾀﾌｨｰ,8,ﾄｰｻﾝｽﾞ,6
音楽,80年代のﾊﾞﾝﾄﾞBO0WYは ライブのことを,24,何と称していた？,8,ﾊﾁｼﾞｭｳﾈﾝﾀﾞｲﾉﾊﾞﾝﾄﾞ ﾎﾞｰｲﾊ ﾗｲﾌﾞﾉｺﾄｦﾅﾝﾄｼｮｳｼﾃｲﾀ?,43,ｷﾞｸﾞ,4,ｼﾞｬﾑ,4,ｺﾝｻｰﾄ,5,ﾗｲｳﾞ,4
音楽,松田聖子のﾃﾞﾋﾞｭｰ曲は次のうちどれ？,20,,0,ﾏﾂﾀﾞｾｲｺﾉﾃﾞﾋﾞｭｰｷｮｸﾊﾂｷﾞﾉｳﾁﾄﾞﾚ?,28,裸足の季節,5,青い珊瑚礁,5,夏の扉,3,渚のﾊﾞﾙｺﾆｰ,8
歴史,小説「のぼうの城」で有名になった忍城は,19,現在どこにある？,8,ｼｮｳｾﾂﾉﾎﾞｳﾉｼﾛﾃﾞﾕｳﾒｲﾆﾅｯﾀｵｼｼﾞｮｳﾊｹﾞﾝｻﾞｲﾄﾞｺﾆｱﾙ?,42,埼玉県行田市,6,千葉県柏市,5,神奈川県小田原市,8,東京都青梅市,6
歴史,源義経が崖を馬で駆け下りたとされるのは,19,どの合戦の時？,7,ﾐﾅﾓﾄﾉﾖｼﾂﾈｶﾞ ｶﾞｹｦｳﾏﾃﾞｶｹｵﾘﾀﾄｻﾚﾙﾉﾊﾄﾞﾉｶｯｾﾝﾉﾄｷ?,42,一ノ谷の合戦,6,壇ノ浦の合戦,6,屋島の合戦,5,さるかに合戦,6
音楽,80年代のﾊﾟｿｺﾝやｹﾞｰﾑ機の音源で,20,楽曲を作る音楽ｼﾞｬﾝﾙを何という？,18,ﾊﾁｼﾞｭｳﾈﾝﾀﾞｲﾉﾊﾟｿｺﾝﾔｹﾞｰﾑｷﾉｵﾝｹﾞﾝﾃﾞｶﾞｯｷｮｦﾂｸﾙｵﾝｶﾞｸｼﾞｬﾝﾙﾊ?,52,ﾁｯﾌﾟﾁｭｰﾝ,8,Kﾎﾟｯﾌﾟ,6,ﾌﾞﾘｯﾄﾎﾟｯﾌﾟ,10,ﾁｯﾌﾟとﾃﾞｰﾙ,9
一般教養,カメラレンズのF値。,10,1段暗くなると何倍になる？,13,ｶﾒﾗﾚﾝｽﾞﾉｴﾌﾁ ｲﾁﾀﾞﾝｸﾗｸﾅﾙﾄﾅﾝﾊﾞｲﾆﾅﾙ?,32,1.4,3,2,1,4,1,7,1
一般教養,背もたれにもたれるような姿勢で乗る,17,ﾀｲﾌﾟの自転車を何という？,14,ｾﾓﾀﾚﾆﾓﾀﾚﾙﾖｳﾅｼｾｲﾃﾞﾉﾙﾀｲﾌﾟﾉｼﾞﾃﾝｼｬｦﾅﾝﾄｲｳ?,37,ﾘｶﾝﾍﾞﾝﾄ,7,ﾌｫｰﾙﾃﾞｨﾝｸﾞ,10,ﾄﾗｲｸ,4,ﾐﾆﾍﾞﾛ,5
一般教養,2011年現在、世界一乗降数が多い駅は？,20,,0,ﾆｾﾝｼﾞｭｳｲﾁﾈﾝｹﾞﾝｻﾞｲ ｾｶｲｲﾁｼﾞｮｳｺｳｽｳｶﾞｵｵｲｴｷﾊ?,40,新宿駅,3,渋谷駅,3,横浜駅,3,大阪駅,3
ｹﾞｰﾑ,日本に本社がある会社として最も多く,17,ﾋﾟﾝﾎﾞｰﾙ台を発売したのは？,16,ﾆﾎﾝﾆﾎﾝｼｬｶﾞｱﾙｶｲｼｬﾄｼﾃﾓｯﾄﾓｵｵｸﾋﾟﾝﾎﾞｰﾙﾀﾞｲｦﾊﾂﾊﾞｲｼﾀﾉﾊ?,47,ﾃﾞｰﾀｲｰｽﾄ,8,ｾｶﾞ,3,任天堂,3,ﾀｲﾄｰ,4
ｹﾞｰﾑ,ﾛｰﾄﾞﾗﾝﾅｰを開発した会社が発売していた,22,のは次のうちどれ？,9,ﾛｰﾄﾞﾗﾝﾅｰｦｶｲﾊﾂｼﾀｶｲｼｬｶﾞﾊﾂﾊﾞｲｼﾃｲﾀﾉﾊﾂｷﾞﾉｳﾁﾄﾞﾚ?,42,ｶﾗﾃｶ,4,ｱｽﾞﾃｯｸ,6,A.E.,4,E.T.,4
ｹﾞｰﾑ,2012年現在、ｳｨｻﾞｰﾄﾞﾘｨは第何作目,22,まで発売されている？,10,ﾆｾﾝｼﾞｭｳﾆﾈﾝｹﾞﾝｻﾞｲ ｻｰﾃｯｸｼｬｺｳｼｷﾉｳｨｻﾞｰﾄﾞﾘｰｻｲｼﾝｻｸﾊ?,46,8,1,7,1,9,1,10,2
ｹﾞｰﾑ,RPGｻﾞ･ﾌﾞﾗｯｸｵﾆｷｽの,16,未だ発売されていない第3作目とは？,17,ｱｰﾙﾋﾟｰｼﾞｰﾌﾞﾗｯｸｵﾆｷｽﾉ ｲﾏﾀﾞﾊﾂﾊﾞｲｻﾚﾃｲﾅｲﾀﾞｲｻﾝｻｸﾒﾄﾊ?,46,ﾑｰﾝｽﾄｰﾝ,7,ﾌｧｲｱｸﾘｽﾀﾙ,9,ｱｸｱﾏﾘﾝ,6,ｵﾌﾞｼﾀﾞﾝ,7
ｹﾞｰﾑ,ｹﾞｰﾑ ﾎﾟｰﾄﾋﾟｱ連続殺人事件,18,真犯人を見つけるにはどうする？,15,ｹﾞｰﾑﾎﾟｰﾄﾋﾟｱﾚﾝｿﾞｸｻﾂｼﾞﾝｼﾞｹﾝ ｼﾝﾊﾝﾆﾝｦﾐﾂｹﾙﾆﾊﾄﾞｳｽﾙ?,45,服をとる,4,柱をみがく,5,ひたすら待つ,6,靴をなめる,5
ｹﾞｰﾑ,ｹﾞｰﾑ ﾂｲﾝﾋﾞｰで手をやられた時に,20,直しに来てくれるのは？,11,ｹﾞｰﾑﾂｲﾝﾋﾞｰﾃﾞﾃｦﾔﾗﾚﾀﾄｷﾆﾅｵｼﾆｷﾃｸﾚﾙﾉﾊ?,33,救急車,3,博士,2,ﾒﾛｰﾗ姫,5,弥七,2
ｹﾞｰﾑ,ﾌｧﾐｺﾝで最も多い種類のROMｶｰﾄﾘｯｼﾞを,24,販売したﾒｰｶｰは？,10,ﾌｧﾐｺﾝﾃﾞﾓｯﾄﾓｵｵｲｼｭﾙｲﾉﾛﾑｶｰﾄﾘｯｼﾞｦﾊﾝﾊﾞｲｼﾀﾒｰｶｰﾊ?,42,ﾅﾑｺ,3,ｺﾅﾐ,3,ｹﾑｺ,3,ｶﾈｺ,3
ｹﾞｰﾑ,ｾｶﾞﾄﾞﾘｰﾑｷｬｽﾄのCMで有名な,19,名物専務は誰？,7,ｾｶﾞﾄﾞﾘｰﾑｷｬｽﾄﾉｼｰｴﾑﾃﾞﾕｳﾒｲﾅ ﾒｲﾌﾞﾂｾﾝﾑﾊﾀﾞﾚ?,38,湯川専務,4,朝永専務,4,江崎専務,4,小柴専務,4
ｹﾞｰﾑ,ﾌｧﾐｺﾝの高橋名人が16連射で,16,割ったものとは？,8,ﾌｧﾐｺﾝﾉﾀｶﾊｼﾒｲｼﾞﾝｶﾞ ｼﾞｭｳﾛｸﾚﾝｼｬﾃﾞﾜｯﾀﾓﾉﾄﾊ?,38,ｽｲｶ,3,ﾋﾞｰﾙ瓶,5,金庫,2,水晶玉,3
ｹﾞｰﾑ,女性中心に構成された,10,ｶﾌﾟｺﾝのｹﾞｰﾑﾐｭｰｼﾞｯｸﾊﾞﾝﾄﾞは？,24,ｼﾞｮｾｲﾁｭｳｼﾝﾆｺｳｾｲｻﾚﾀｶﾌﾟｺﾝﾉｹﾞｰﾑﾐｭｰｼﾞｯｸﾊﾞﾝﾄﾞﾊ?,42,ｱﾙﾌﾗｲﾗ,6,ZUNTATA,7,ｹﾞｰﾏﾃﾞﾘｯｸ,9,S.S.T.BAND,10
ｹﾞｰﾑ,ｹﾞｰﾑ ﾛｯｸﾏﾝの海外でのﾀｲﾄﾙは？,21,,0,ｹﾞｰﾑ ﾛｯｸﾏﾝﾉｶｲｶﾞｲﾃﾞﾉﾀｲﾄﾙﾊ?,25,MEGAMAN,7,MARIO BROS,10,ALEX KID,8,WONDER BOY,10
ｹﾞｰﾑ,ﾌｧﾐｺﾝの悪魔城ﾄﾞﾗｷｭﾗ,15,主人公のﾒｲﾝ武器は？,11,ﾌｧﾐｺﾝﾉｱｸﾏｼﾞｮｳﾄﾞﾗｷｭﾗ ｼｭｼﾞﾝｺｳﾉﾒｲﾝﾌﾞｷﾊ?,36,ﾑﾁ,2,十字架,3,聖水,2,ﾛｳｿｸ,4
ｹﾞｰﾑ,MSXのｹﾞｰﾑﾒﾀﾙｷﾞｱ。 隠れるｹﾞｰﾑとなった,27,理由は何の制限？,8,ｴﾑｴｽｴｯｸｽﾉｹﾞｰﾑﾒﾀﾙｷﾞｱ ｶｸﾚﾙｹﾞｰﾑﾄﾅｯﾀﾘﾕｳﾊﾅﾆﾉｾｲｹﾞﾝ?,45,ｽﾌﾟﾗｲﾄ数,7,発音数,3,ﾃｰﾌﾟ速度,6,色数,2
ｹﾞｰﾑ,ﾌｧｲﾅﾙﾌｧﾝﾀｼﾞｰとﾄﾞﾗｺﾞﾝｸｴｽﾄ,23,6作目が先に発売されたのは？,14,ﾌｧｲﾅﾙﾌｧﾝﾀｼﾞｰﾄﾄﾞﾗｺﾞﾝｸｴｽﾄ ﾛｸｻｸﾒｶﾞｻｷﾆﾊﾂﾊﾞｲｻﾚﾀﾉﾊ?,45,FF,2,DQ,2,同時,2,発売されていない,8
ｹﾞｰﾑ,PCｴﾝｼﾞﾝ版R-TYPEの特徴は？,19,,0,ﾋﾟｰｼｰｴﾝｼﾞﾝﾊﾞﾝｱｰﾙﾀｲﾌﾟﾉﾄｸﾁｮｳﾊ?,28,前後編に分かれる,8,主題歌がある,6,立体視に対応,6,隠し機体がある,7
ｹﾞｰﾑ,ｹﾞｰﾑｽｰﾊﾟｰﾘｱﾙ麻雀の一作目。,19,以降の作品との最大の違いは？,14,ｹﾞｰﾑｽｰﾊﾟｰﾘｱﾙﾏｱｼﾞｬﾝﾉｲｯｻｸﾒ ｲｺｳﾉｻｸﾋﾝﾄﾉｻｲﾀﾞｲﾉﾁｶﾞｲﾊ?,47,脱衣がない,5,ﾒｰｶｰがちがう,8,ｲｶｻﾏ技がある,8,十字ｷｰで操作,7
ｹﾞｰﾑ,ﾃﾞｺｹﾞｰ○○○○戦闘部隊ﾌﾞﾗｯﾃﾞｨｳﾙﾌ,24,○○○○に入るのは？,10,ﾃﾞｺｹﾞｰ ﾎﾆｬﾗﾗｾﾝﾄｳﾌﾞﾀｲﾌﾞﾗｯﾃﾞｨｳﾙﾌ ﾎﾆｬﾗﾗﾆﾊｲﾙﾉﾊ?,43,ならず者,4,乱暴者,3,狼藉者,3,おかず物,4
ｹﾞｰﾑ,ﾃﾞｺﾉｹﾞｰﾑ ﾀﾞｰｳｨﾝ4078,19,ｶﾌﾟｾﾙをとると自機がどうなる？,17,ﾃﾞｺﾉｹﾞｰﾑﾀﾞｰｳｨﾝﾖﾝｾﾞﾛﾅﾅﾊﾁ ｶﾌﾟｾﾙｦﾄﾙﾄｼﾞｷｶﾞﾄﾞｳﾅﾙ?,44,進化する,4,爆発する,4,最大化する,5,脱皮する,4
ｹﾞｰﾑ,ﾃｸﾉｽｼﾞｬﾊﾟﾝのﾀﾞﾌﾞﾙﾄﾞﾗｺﾞﾝ,22,2人ﾌﾟﾚｲでﾗｽﾎﾞｽを倒すとどうなる？,21,ﾃｸﾉｽｼﾞｬﾊﾟﾝﾉﾀﾞﾌﾞﾙﾄﾞﾗｺﾞﾝ ﾌﾀﾘﾌﾟﾚｲﾃﾞﾗｽﾎﾞｽｦﾀｵｽﾄﾄﾞｳﾅﾙ?,48,1・2Pで戦う,7,ｸﾘｱ,3,前の面に戻る,6,ﾎﾞｰﾅｽ獲得,7
ｹﾞｰﾑ,懐かしのﾊﾟｿｺﾝｹﾞｰﾑ ﾚﾘｸｽ,18,主人公は敵に対してどうできる？,15,ﾅﾂｶｼﾉﾊﾟｿｺﾝｹﾞｰﾑﾚﾘｸｽ ｼｭｼﾞﾝｺｳﾊﾃｷﾆﾀｲｼﾃﾄﾞｳﾃﾞｷﾙ?,42,のりうつれる,6,のりおくれる,6,ﾉﾘﾉﾘ,4,のりぴー,6
ｹﾞｰﾑ,光栄のｹﾞｰﾑ三国志,10,初代の音楽を作曲したのは？,13,ｺｳｴｲﾉｹﾞｰﾑｻﾝｺﾞｸｼ ｼｮﾀﾞｲﾉｵﾝｶﾞｸｦｻｯｷｮｸｼﾀﾉﾊ?,38,菅野よう子,5,古代祐三,4,伊藤賢治,4,植松伸夫,4
ｹﾞｰﾑ,ｹﾞｰﾑ ｼﾙﾌｨｰﾄﾞが最初に発売された,21,ﾊﾟｿｺﾝは？,7,ｹﾞｰﾑｼﾙﾌｨｰﾄﾞｶﾞｻｲｼｮﾆﾊﾂﾊﾞｲｻﾚﾀﾊﾟｿｺﾝﾊ?,33,88mkIISR,8,FM77AV,6,MEGA-CD,7,6001mkIISR,10
ｹﾞｰﾑ,ｹﾞｰﾑ ﾊｲﾄﾞﾗｲﾄﾞ ｸﾘｱのために探す,23,3つのものは宝石と何？,11,ｹﾞｰﾑﾊｲﾄﾞﾗｲﾄﾞ ｸﾘｱｽﾙﾀﾒﾆｻｶﾞｽﾐｯﾂﾉﾓﾉﾊﾎｳｾｷﾄﾅﾆ?,40,妖精(ようせい),8,幽霊(ゆうれい),8,剣(けん),5,呪文(じゅもん),8
ｹﾞｰﾑ,ｾｶﾞ ｹﾞｲﾝｸﾞﾗｳﾝﾄﾞの初期ｷｬﾗは,22,"ｼﾞｮﾆｰ,ﾍﾞﾃｨ,あと○○○？",17,ｾｶﾞｹﾞｲﾝｸﾞﾗｳﾝﾄﾞﾉｼｮｷｷｬﾗﾊ ｼﾞｮﾆｰ ﾍﾞﾃｨ ｱﾄﾀﾞﾚ?,40,ｱｽﾗ,3,ｶﾞｽｺﾝ,5,教授,2,ﾏｯﾄﾞﾊﾟﾋﾟｰ,9
ｹﾞｰﾑ,ｹﾞｰﾑ ｳﾙﾃｨﾏの世界における,17,ﾌﾞﾘﾀﾆｱの王はﾛｰﾄﾞ○○○○？,18,ｹﾞｰﾑｳﾙﾃｨﾏﾉｾｶｲﾆｵｹﾙﾌﾞﾘﾀﾆｱﾉｵｳﾊﾛｰﾄﾞﾀﾞﾚﾀﾞﾚ?,38,ﾌﾞﾘﾃｨｯｼｭ,8,ｼｬﾐﾉ,4,ﾓﾅｰｸ,4,ﾛｰﾗｰだ!,6
ｹﾞｰﾑ,MSXのｸﾞﾗﾃﾞｨｳｽ2のｶｰﾄﾘｯｼﾞ,21,に搭載された独自音源は？,12,ｴﾑｴｽｴｯｸｽﾉｸﾞﾗﾃﾞｨｳｽﾉｶｰﾄﾘｯｼﾞﾆﾄｳｻｲｻﾚﾀﾄﾞｸｼﾞｵﾝｹﾞﾝﾊ?,45,SCC音源,5,FM音源,4,PCM音源,5,MIDI,4
ｹﾞｰﾑ,ｹﾞｰﾑ ﾒﾀﾙﾌﾞﾗｯｸで自機のｴﾈﾙｷﾞｰを,24,貯めるｱｲﾃﾑは？,9,ｹﾞｰﾑﾒﾀﾙﾌﾞﾗｯｸﾃﾞｼﾞｷﾉｴﾈﾙｷﾞｰｦﾀﾒﾙｱｲﾃﾑﾊ?,34,NEWALONE,8,NEURON,6,NEUTRINO,8,NEW ON 1,8
ｹﾞｰﾑ,ﾄﾞﾗｸｴ3で唯一ｱｲﾃﾑなしで賢者に,19,転職できる職業は？,9,ﾄﾞﾗｸｴｽﾘｰﾃﾞﾕｲｲﾂｱｲﾃﾑﾅｼﾃﾞｹﾝｼﾞｬﾆﾃﾝｼｮｸﾃﾞｷﾙｼｮｸｷﾞｮｳﾊ?,46,遊び人,3,勇者,2,戦士,2,魔法使い,4
ｹﾞｰﾑ,ｹﾞｰﾑ 源平討魔伝でｺﾝﾃｨﾆｭｰしないと,22,「諸行無常よのう」と言うは誰？,15,ｹﾞｰﾑｹﾞﾝﾍﾟｲﾄｳﾏﾃﾞﾝﾃﾞｺﾝﾃｨﾆｭｰｼﾅｲﾄｼｮｷﾞｮｳﾑｼﾞｮｳﾖﾉｳﾄｲｳﾉﾊﾀﾞﾚ?,52,安駄婆,3,景清,2,弁慶,2,頼朝,2
ｹﾞｰﾑ,ﾃﾞｺｹﾞｰ ｶﾙﾉﾌで主人公が,16,口から出すのは何？,9,ﾃﾞｺｹﾞｰ ｶﾙﾉﾌﾃﾞｼｭｼﾞﾝｺｳｶﾞｸﾁｶﾗﾀﾞｽﾉﾊ?,32,火の玉,3,よだれ,3,ﾀﾊﾞｺ,4,ﾊﾄ,2
ｹﾞｰﾑ,ﾌｧﾙｺﾑのｲｰｽ 宝箱をとった時の音は,20,どのｹﾞｰﾑにｲﾝｽﾊﾟｲｱされたもの？,20,ﾌｧﾙｺﾑﾉｲｰｽ ﾀｶﾗﾊﾞｺｦﾄｯﾀﾄｷﾉｵﾄﾊﾄﾞﾉｹﾞｰﾑﾆｲﾝｽﾊﾟｲｱｻﾚﾀﾓﾉ?,47,ﾒﾄﾛｲﾄﾞ,6,ﾄﾞﾗｸｴ,5,ﾜﾙｷｭｰﾚの冒険,6,ﾒﾄﾛｸﾛｽ,6
ｹﾞｰﾑ,ｲｰｽ、ｿｰｻﾘｱﾝなどの楽曲で有名な,19,作曲者は○○祐三？,9,ｲｰｽ ｿｰｻﾘｱﾝﾅﾄﾞﾉｶﾞｯｷｮｸﾃﾞﾕｳﾒｲﾅｻｯｷｮｸｼｬﾊﾅﾆﾕｳｿﾞｳ?,43,古代(こしろ),7,古城(ふるしろ),8,与代(よしろ),7,五代(ごだい),7
ｹﾞｰﾑ,ﾃﾄﾘｽを開発したﾊﾟｼﾞﾄﾉﾌさんの,19,母国はどこ？,6,ﾃﾄﾘｽｦｶｲﾊﾂｼﾀﾊﾟｼﾞﾄﾉﾌｻﾝﾉﾎﾞｺｸﾊﾄﾞｺ?,30,ﾛｼｱ,3,ﾄﾞｲﾂ,4,ｱﾒﾘｶ合衆国,7,ﾃﾞｺ,3
ｹﾞｰﾑ,ﾅﾑｺのﾃﾞｨｸﾞﾀﾞｸﾞのﾏｲｷｬﾗ,19,ﾐｽﾀｰﾄﾞﾘﾗｰの主人公の関係は？,18,ﾅﾑｺﾉﾃﾞｨｸﾞﾀﾞｸﾞﾉﾏｲｷｬﾗ ﾐｽﾀｰﾄﾞﾘﾗｰﾉｼｭｼﾞﾝｺｳﾄﾉｶﾝｹｲﾊ?,45,親子,4,叔父と甥,2,赤の他人,4,人には言えない仲,8
ｹﾞｰﾑ,ﾊﾞｰﾁｬﾌｧｲﾀｰのｷｬﾗ,14,ｱｷﾗが使う拳法は？,10,ﾊﾞｰﾁｬﾌｧｲﾀｰﾉｷｬﾗ ｱｷﾗﾉﾂｶｳｹﾝﾎﾟｳﾊ?,29,八極拳,3,琉球空手,4,酔拳,2,ﾃｺﾝﾄﾞｰ,6
ｹﾞｰﾑ,自由に横ｽｸﾛｰﾙできるｱｸｼｮﾝｹﾞｰﾑは,22,○○○ﾌﾛｱｱｸｼｮﾝ ○○○は？,17,ｼﾞﾕｳﾆﾖｺｽｸﾛｰﾙﾃﾞｷﾙｱｸｼｮﾝｹﾞｰﾑ ﾅﾝﾄｶﾌﾛｱｱｸｼｮﾝ ﾅﾝﾄｶﾊ?,45,ﾍﾞﾙﾄ,4,ﾎﾞﾙﾄ,4,ﾌｧｲﾅﾙ,5,100,3
一般教養,ﾏｶﾛﾝはどこの国のお菓子？,14,,0,ﾏｶﾛﾝﾊﾄﾞｺﾉｸﾆﾉｵｶｼ?,16,ﾌﾗﾝｽ,4,ｲﾀﾘｱ,4,中国,2,ﾎﾟﾙﾄｶﾞﾙ,7
一般教養,お菓子のﾓﾝﾌﾞﾗﾝ 名前の由来となった山は,22,どの国にある？,7,ｵｶｼﾉﾓﾝﾌﾞﾗﾝ ﾅﾏｴﾉﾕﾗｲﾄﾅｯﾀﾔﾏﾊﾄﾞﾉｸﾆﾆｱﾙ?,34,ﾌﾗﾝｽとｲﾀﾘｱ,9,ﾀﾝｻﾞﾆｱ,6,ｱﾙｾﾞﾝﾁﾝ,7,ﾍﾟﾙｰとﾁﾘ,7
一般教養,金平糖はもともとはどこの国のお菓子？,18,,0,ｺﾝﾍﾟｲﾄｳﾊﾓﾄﾓﾄﾊﾄﾞｺﾉｸﾆﾉｵｶｼ?,24,ﾎﾟﾙﾄｶﾞﾙ,7,ﾌﾗﾝｽ,4,ｲﾀﾘｱ,4,ｽｲｽ,3
一般教養,ﾊﾜｲで好んで食べられるﾎﾟﾙﾄｶﾞﾙ発祥の,22,お菓子は？,5,ﾊﾜｲﾃﾞｺﾉﾝﾃﾞﾀﾍﾞﾗﾚﾙ ﾎﾟﾙﾄｶﾞﾙﾊｯｼｮｳﾉｵｶｼﾊ?,35,ﾏﾗｻﾀﾞ,5,ﾁｭﾛｽ,4,ｱﾝﾆﾝﾄﾞｰﾌ,8,ｱﾝﾊﾟﾝ,5
英語,Rice ballはおにぎり,14,ではRice cakeは？,13,ﾗｲｽﾎﾞｰﾙﾊｵﾆｷﾞﾘ ﾃﾞﾊﾗｲｽｹｰｷﾊ?,25,餅,1,寿司,2,せんぺい,4,まんじゅう,5
英語,次のうち「すばらしい」「恐るべき」を表す,20,英単語は？,5,ﾂｷﾞﾉｳﾁ ｽﾊﾞﾗｼｲ ｵｿﾙﾍﾞｷ ｦｱﾗﾜｽｴｲﾀﾝｺﾞﾊ?,34,awesome,7,sometime,8,blousom,7,somersault,10
英語,「Check it out!」,15,日本語ではどんな意味？,11,ﾁｪｷﾗ ﾆﾎﾝｺﾞﾃﾞﾊﾄﾞﾝﾅｲﾐ?,20,見てよこれ,5,おーい,3,じゃあね,4,なんだって,5
地理,愛媛 香川 高知 徳島で構成される地方は？,21,,0,ｴﾋﾒ ｶｶﾞﾜ ｺｳﾁ ﾄｸｼﾏﾃﾞｺｳｾｲｻﾚﾙﾁﾎｳﾊ?,31,四国,2,九州,2,中国,2,近畿,2
地理,九州の最東端の岬がある県は？,14,,0,ｷｭｳｼｭｳﾉｻｲﾄｳﾀﾝﾉﾐｻｷｶﾞｱﾙｹﾝﾊ?,25,大分,2,宮崎,2,福岡,2,佐賀,2
地理,九州には県はいくつある？,12,,0,ｷｭｳｼｭｳﾆﾊｹﾝﾊｲｸﾂｱﾙ?,17,7,1,9,1,8,1,10,2
地理,伊豆大島はどこの都道府県に属する？,17,,0,ｲｽﾞｵｵｼﾏﾊﾄﾞｺﾉﾄﾄﾞｳﾌｹﾝﾆｿﾞｸｽﾙ?,26,東京都,3,静岡県,3,神奈川県,4,山梨県,3
地理,かつて海軍兵学校があった広島県の市は？,19,,0,ｶﾂﾃｶｲｸﾞﾝﾍｲｶﾞｯｺｳｶﾞｱｯﾀﾋﾛｼﾏｹﾝﾉｼﾊ?,30,江田島市,4,呉市,2,広島市,3,東広島市,4
地理,日本の都道府県の数は？,11,,0,ﾆﾎﾝﾉﾄﾄﾞｳﾌｹﾝﾉｶｽﾞﾊ?,17,47,2,57,2,42,2,64,2
歴史,後鳥羽上皇が島流しされたのはどこ？,17,,0,ｺﾞﾄﾊﾞｼﾞｮｳｺｳｶﾞｼﾏﾅｶﾞｼｻﾚﾀﾉﾊﾄﾞｺ?,28,隠岐島,3,佐渡島,3,壱岐島,3,淡路島,3
一般教養,東京発の夜行列車ムーンライトながら,17,終着駅はどこ？,7,ﾄｳｷｮｳﾊﾂﾉﾔｺｳﾚｯｼｬﾑｰﾝﾗｲﾄﾅｶﾞﾗ ｼｭｳﾁｬｸｴｷﾊﾄﾞｺ?,39,大垣,2,岐阜,2,各務原,3,名古屋,3
一般教養,東京と出雲をむすぶ寝台特急,13,？？？？？いずも？,9,ﾄｳｷｮｳﾄｲｽﾞﾓｦﾑｽﾌﾞｼﾝﾀﾞｲﾄｯｷｭｳ ﾅﾆｲｽﾞﾓ?,33,ｻﾝﾗｲｽﾞ,6,ｻﾝｾｯﾄ,5,ｻﾝｼｬｲﾝ,6,ﾀﾂﾉｺﾌﾟﾛ,7
歴史,戦国時代の武将松永久秀が爆死した時,17,持っていたとされる茶器は？,13,ｾﾝｺﾞｸｼﾞﾀﾞｲﾉﾌﾞｼｮｳﾏﾂﾅｶﾞﾋｻﾋﾃﾞｶﾞﾊﾞｸｼｼﾀﾄｷﾓｯﾃｲﾀﾄｻﾚﾙﾁｬｷﾊ?,50,平蜘蛛,3,平蝶,2,平蟻,2,平蛙,2
歴史,村上水軍が活動した海域は？,13,,0,ﾑﾗｶﾐｽｲｸﾞﾝｶﾞｶﾂﾄﾞｳｼﾀｶｲｲｷﾊ?,24,瀬戸内海,4,響灘,2,豊後水道,4,日向灘,3
歴史,戦国時代の武将斎藤道三は,12,「美濃の？？？」と呼ばれた？,14,ｾﾝｺﾞｸｼﾞﾀﾞｲﾉﾌﾞｼｮｳｻｲﾄｳﾄﾞｳｻﾝﾊﾐﾉﾉﾅﾆﾄﾖﾊﾞﾚﾀ?,38,まむし,3,きつね,3,うさぎ,3,かえる,3
歴史,中国における戦国時代の前の時代を,16,何時代という？,7,ﾁｭｳｺﾞｸﾆｵｹﾙｾﾝｺﾞｸｼﾞﾀﾞｲﾉﾏｴﾉｼﾞﾀﾞｲｦﾅﾆｼﾞﾀﾞｲﾄｲｳ?,41,春秋,2,西周,2,前漢,2,三国,2
ことわざ,他者の実力や権威を疑うことを,14,「？？？の軽重を問う」？,12,ﾀｼｬﾉｼﾞﾂﾘｮｸﾔｹﾝｲｦｳﾀｶﾞｳｺﾄｦﾅﾆﾉｹｲﾁｮｳｦﾄｳ?,35,かなえ,3,のぞみ,3,たまえ,3,わらべ,3
歴史,孔子は諸子百家において何家にあたる？,18,,0,ｺｳｼﾊｼｮｼﾋｬｯｹﾆｵｲﾃﾅﾆｹﾆｱﾀﾙ?,23,儒家(じゅか),7,墨家(ぼくか),7,法家(ほうけ),7,道家(どうか),7
ｽﾎﾟｰﾂ,ｽｹｰﾄﾎﾞｰﾄﾞのﾄﾘｯｸでﾎﾞｰﾄﾞと一緒に,24,ｼﾞｬﾝﾌﾟするのを何という？,15,ｽｹｰﾄﾎﾞｰﾄﾞﾉﾄﾘｯｸﾃﾞﾎﾞｰﾄﾞﾄｲｯｼｮﾆｼﾞｬﾝﾌﾟｽﾙﾉｦﾅﾝﾄｲｳ?,43,ｵｰﾘｰ,4,ﾌｪｲｷｰ,5,ｽﾗｲﾄﾞ,5,ﾁｸﾀｸ,4
ｹﾞｰﾑ,次のうち格闘ｹﾞｰﾑ鉄拳のﾏｲｷｬﾗでない,21,動物は？,4,ﾂｷﾞﾉｳﾁｶｸﾄｳｹﾞｰﾑﾃｯｹﾝﾉﾏｲｷｬﾗﾃﾞﾅｲﾄﾞｳﾌﾞﾂﾊ?,36,牛,1,熊,1,ﾊﾟﾝﾀﾞ,5,ｶﾝｶﾞﾙｰ,6
